NAME,metropolitan statistical area/micropolitan statistical area,year,variable,value
"Cincinnati, OH-KY-IN Metro Area",17140,2015,total_population estimate,2159329.0
"Columbus, OH Metro Area",18140,2015,total_population estimate,2021632.0
"Dayton, OH Metro Area",19380,2015,total_population estimate,800909.0
"Toledo, OH Metro Area",45780,2015,total_population estimate,605956.0
"Cincinnati, OH-KY-IN Metro Area",17140,2015,total_population MoE,3039.0
"Columbus, OH Metro Area",18140,2015,total_population MoE,-555555555.0
"Dayton, OH Metro Area",19380,2015,total_population MoE,-555555555.0
"Toledo, OH Metro Area",45780,2015,total_population MoE,-555555555.0
"Cincinnati, OH-KY-IN Metro Area",17140,2015,median_HH_income estimate,56826.0
"Columbus, OH Metro Area",18140,2015,median_HH_income estimate,58192.0
"Dayton, OH Metro Area",19380,2015,median_HH_income estimate,49504.0
"Toledo, OH Metro Area",45780,2015,median_HH_income estimate,47093.0
"Cincinnati, OH-KY-IN Metro Area",17140,2015,median_HH_income MoE,895.0
"Columbus, OH Metro Area",18140,2015,median_HH_income MoE,1604.0
"Dayton, OH Metro Area",19380,2015,median_HH_income MoE,1346.0
"Toledo, OH Metro Area",45780,2015,median_HH_income MoE,1391.0
"Cincinnati, OH-KY-IN Metro Area",17140,2015,total_housing_units estimate,922355.0
"Columbus, OH Metro Area",18140,2015,total_housing_units estimate,845563.0
"Dayton, OH Metro Area",19380,2015,total_housing_units estimate,367957.0
"Toledo, OH Metro Area",45780,2015,total_housing_units estimate,273783.0
"Cincinnati, OH-KY-IN Metro Area",17140,2015,total_housing_units MoE,2108.0
"Columbus, OH Metro Area",18140,2015,total_housing_units MoE,1394.0
"Dayton, OH Metro Area",19380,2015,total_housing_units MoE,1136.0
"Toledo, OH Metro Area",45780,2015,total_housing_units MoE,974.0
"Cincinnati, OH-KY-IN Metro Area",17140,2015,vacant_housing_units MoE,89748.0
"Columbus, OH Metro Area",18140,2015,vacant_housing_units MoE,73259.0
"Dayton, OH Metro Area",19380,2015,vacant_housing_units MoE,37527.0
"Toledo, OH Metro Area",45780,2015,vacant_housing_units MoE,31142.0
"Cincinnati, OH-KY-IN Metro Area",17140,2015,B25002_003M,5837.0
"Columbus, OH Metro Area",18140,2015,B25002_003M,4598.0
"Dayton, OH Metro Area",19380,2015,B25002_003M,3328.0
"Toledo, OH Metro Area",45780,2015,B25002_003M,2516.0
"Cincinnati, OH-KY-IN Metro Area",17140,2015,B25002_001E,922355.0
"Columbus, OH Metro Area",18140,2015,B25002_001E,845563.0
"Dayton, OH Metro Area",19380,2015,B25002_001E,367957.0
"Toledo, OH Metro Area",45780,2015,B25002_001E,273783.0
"Cincinnati, OH-KY-IN Metro Area",17140,2015,B25002_001M,2108.0
"Columbus, OH Metro Area",18140,2015,B25002_001M,1394.0
"Dayton, OH Metro Area",19380,2015,B25002_001M,1136.0
"Toledo, OH Metro Area",45780,2015,B25002_001M,974.0
"Cincinnati, OH-KY-IN Metro Area",17140,2015,vacancy_rate_pct,9.730309913211292
"Columbus, OH Metro Area",18140,2015,vacancy_rate_pct,8.663931605332778
"Dayton, OH Metro Area",19380,2015,vacancy_rate_pct,10.198746049130742
"Toledo, OH Metro Area",45780,2015,vacancy_rate_pct,11.37470186242389
"Cincinnati, OH-KY-IN Metro Area",17140,2016,total_population estimate,2161441.0
"Columbus, OH Metro Area",18140,2016,total_population estimate,2041520.0
"Dayton, OH Metro Area",19380,2016,total_population estimate,800683.0
"Toledo, OH Metro Area",45780,2016,total_population estimate,605221.0
"Cincinnati, OH-KY-IN Metro Area",17140,2016,total_population MoE,4453.0
"Columbus, OH Metro Area",18140,2016,total_population MoE,-555555555.0
"Dayton, OH Metro Area",19380,2016,total_population MoE,-555555555.0
"Toledo, OH Metro Area",45780,2016,total_population MoE,-555555555.0
"Cincinnati, OH-KY-IN Metro Area",17140,2016,median_HH_income estimate,60260.0
"Columbus, OH Metro Area",18140,2016,median_HH_income estimate,60294.0
"Dayton, OH Metro Area",19380,2016,median_HH_income estimate,51427.0
"Toledo, OH Metro Area",45780,2016,median_HH_income estimate,48822.0
"Cincinnati, OH-KY-IN Metro Area",17140,2016,median_HH_income MoE,1049.0
"Columbus, OH Metro Area",18140,2016,median_HH_income MoE,1005.0
"Dayton, OH Metro Area",19380,2016,median_HH_income MoE,1342.0
"Toledo, OH Metro Area",45780,2016,median_HH_income MoE,2159.0
"Cincinnati, OH-KY-IN Metro Area",17140,2016,total_housing_units estimate,926012.0
"Columbus, OH Metro Area",18140,2016,total_housing_units estimate,851499.0
"Dayton, OH Metro Area",19380,2016,total_housing_units estimate,367998.0
"Toledo, OH Metro Area",45780,2016,total_housing_units estimate,273236.0
"Cincinnati, OH-KY-IN Metro Area",17140,2016,total_housing_units MoE,2252.0
"Columbus, OH Metro Area",18140,2016,total_housing_units MoE,1434.0
"Dayton, OH Metro Area",19380,2016,total_housing_units MoE,1114.0
"Toledo, OH Metro Area",45780,2016,total_housing_units MoE,999.0
"Cincinnati, OH-KY-IN Metro Area",17140,2016,vacant_housing_units MoE,84630.0
"Columbus, OH Metro Area",18140,2016,vacant_housing_units MoE,71952.0
"Dayton, OH Metro Area",19380,2016,vacant_housing_units MoE,39646.0
"Toledo, OH Metro Area",45780,2016,vacant_housing_units MoE,26167.0
"Cincinnati, OH-KY-IN Metro Area",17140,2016,B25002_003M,4670.0
"Columbus, OH Metro Area",18140,2016,B25002_003M,4030.0
"Dayton, OH Metro Area",19380,2016,B25002_003M,3422.0
"Toledo, OH Metro Area",45780,2016,B25002_003M,2790.0
"Cincinnati, OH-KY-IN Metro Area",17140,2016,B25002_001E,926012.0
"Columbus, OH Metro Area",18140,2016,B25002_001E,851499.0
"Dayton, OH Metro Area",19380,2016,B25002_001E,367998.0
"Toledo, OH Metro Area",45780,2016,B25002_001E,273236.0
"Cincinnati, OH-KY-IN Metro Area",17140,2016,B25002_001M,2252.0
"Columbus, OH Metro Area",18140,2016,B25002_001M,1434.0
"Dayton, OH Metro Area",19380,2016,B25002_001M,1114.0
"Toledo, OH Metro Area",45780,2016,B25002_001M,999.0
"Cincinnati, OH-KY-IN Metro Area",17140,2016,vacancy_rate_pct,9.139190420858476
"Columbus, OH Metro Area",18140,2016,vacancy_rate_pct,8.450039283663282
"Dayton, OH Metro Area",19380,2016,vacancy_rate_pct,10.773428116457156
"Toledo, OH Metro Area",45780,2016,vacancy_rate_pct,9.576702923480068
"Toledo, OH Metro Area",45780,2017,total_population estimate,603668.0
"Cincinnati, OH-KY-IN Metro Area",17140,2017,total_population estimate,2180746.0
"Columbus, OH Metro Area",18140,2017,total_population estimate,2078725.0
"Dayton, OH Metro Area",19380,2017,total_population estimate,803416.0
"Toledo, OH Metro Area",45780,2017,total_population MoE,-555555555.0
"Cincinnati, OH-KY-IN Metro Area",17140,2017,total_population MoE,3625.0
"Columbus, OH Metro Area",18140,2017,total_population MoE,-555555555.0
"Dayton, OH Metro Area",19380,2017,total_population MoE,-555555555.0
"Toledo, OH Metro Area",45780,2017,median_HH_income estimate,50389.0
"Cincinnati, OH-KY-IN Metro Area",17140,2017,median_HH_income estimate,61653.0
"Columbus, OH Metro Area",18140,2017,median_HH_income estimate,63764.0
"Dayton, OH Metro Area",19380,2017,median_HH_income estimate,52745.0
"Toledo, OH Metro Area",45780,2017,median_HH_income MoE,1629.0
"Cincinnati, OH-KY-IN Metro Area",17140,2017,median_HH_income MoE,967.0
"Columbus, OH Metro Area",18140,2017,median_HH_income MoE,1469.0
"Dayton, OH Metro Area",19380,2017,median_HH_income MoE,1255.0
"Toledo, OH Metro Area",45780,2017,total_housing_units estimate,274721.0
"Cincinnati, OH-KY-IN Metro Area",17140,2017,total_housing_units estimate,932500.0
"Columbus, OH Metro Area",18140,2017,total_housing_units estimate,861794.0
"Dayton, OH Metro Area",19380,2017,total_housing_units estimate,369475.0
"Toledo, OH Metro Area",45780,2017,total_housing_units MoE,927.0
"Cincinnati, OH-KY-IN Metro Area",17140,2017,total_housing_units MoE,1978.0
"Columbus, OH Metro Area",18140,2017,total_housing_units MoE,1623.0
"Dayton, OH Metro Area",19380,2017,total_housing_units MoE,1018.0
"Toledo, OH Metro Area",45780,2017,vacant_housing_units MoE,29686.0
"Cincinnati, OH-KY-IN Metro Area",17140,2017,vacant_housing_units MoE,79861.0
"Columbus, OH Metro Area",18140,2017,vacant_housing_units MoE,72848.0
"Dayton, OH Metro Area",19380,2017,vacant_housing_units MoE,40033.0
"Toledo, OH Metro Area",45780,2017,B25002_003M,2873.0
"Cincinnati, OH-KY-IN Metro Area",17140,2017,B25002_003M,4906.0
"Columbus, OH Metro Area",18140,2017,B25002_003M,4811.0
"Dayton, OH Metro Area",19380,2017,B25002_003M,3563.0
"Toledo, OH Metro Area",45780,2017,B25002_001E,274721.0
"Cincinnati, OH-KY-IN Metro Area",17140,2017,B25002_001E,932500.0
"Columbus, OH Metro Area",18140,2017,B25002_001E,861794.0
"Dayton, OH Metro Area",19380,2017,B25002_001E,369475.0
"Toledo, OH Metro Area",45780,2017,B25002_001M,927.0
"Cincinnati, OH-KY-IN Metro Area",17140,2017,B25002_001M,1978.0
"Columbus, OH Metro Area",18140,2017,B25002_001M,1623.0
"Dayton, OH Metro Area",19380,2017,B25002_001M,1018.0
"Toledo, OH Metro Area",45780,2017,vacancy_rate_pct,10.80587213937049
"Cincinnati, OH-KY-IN Metro Area",17140,2017,vacancy_rate_pct,8.564182305630027
"Columbus, OH Metro Area",18140,2017,vacancy_rate_pct,8.453064189353835
"Dayton, OH Metro Area",19380,2017,vacancy_rate_pct,10.83510386359023
"Cincinnati, OH-KY-IN Metro Area",17140,2018,total_population estimate,2189442.0
"Columbus, OH Metro Area",18140,2018,total_population estimate,2106541.0
"Dayton, OH Metro Area",19380,2018,total_population estimate,806548.0
"Toledo, OH Metro Area",45780,2018,total_population estimate,602871.0
"Cincinnati, OH-KY-IN Metro Area",17140,2018,total_population MoE,3814.0
"Columbus, OH Metro Area",18140,2018,total_population MoE,-555555555.0
"Dayton, OH Metro Area",19380,2018,total_population MoE,-555555555.0
"Toledo, OH Metro Area",45780,2018,total_population MoE,-555555555.0
"Cincinnati, OH-KY-IN Metro Area",17140,2018,median_HH_income estimate,62743.0
"Columbus, OH Metro Area",18140,2018,median_HH_income estimate,64052.0
"Dayton, OH Metro Area",19380,2018,median_HH_income estimate,54942.0
"Toledo, OH Metro Area",45780,2018,median_HH_income estimate,51321.0
"Cincinnati, OH-KY-IN Metro Area",17140,2018,median_HH_income MoE,1087.0
"Columbus, OH Metro Area",18140,2018,median_HH_income MoE,1189.0
"Dayton, OH Metro Area",19380,2018,median_HH_income MoE,2295.0
"Toledo, OH Metro Area",45780,2018,median_HH_income MoE,974.0
"Cincinnati, OH-KY-IN Metro Area",17140,2018,total_housing_units estimate,938179.0
"Columbus, OH Metro Area",18140,2018,total_housing_units estimate,869414.0
"Dayton, OH Metro Area",19380,2018,total_housing_units estimate,370029.0
"Toledo, OH Metro Area",45780,2018,total_housing_units estimate,275164.0
"Cincinnati, OH-KY-IN Metro Area",17140,2018,total_housing_units MoE,2454.0
"Columbus, OH Metro Area",18140,2018,total_housing_units MoE,1506.0
"Dayton, OH Metro Area",19380,2018,total_housing_units MoE,1333.0
"Toledo, OH Metro Area",45780,2018,total_housing_units MoE,939.0
"Cincinnati, OH-KY-IN Metro Area",17140,2018,vacant_housing_units MoE,75644.0
"Columbus, OH Metro Area",18140,2018,vacant_housing_units MoE,67609.0
"Dayton, OH Metro Area",19380,2018,vacant_housing_units MoE,38603.0
"Toledo, OH Metro Area",45780,2018,vacant_housing_units MoE,29512.0
"Cincinnati, OH-KY-IN Metro Area",17140,2018,B25002_003M,4363.0
"Columbus, OH Metro Area",18140,2018,B25002_003M,4909.0
"Dayton, OH Metro Area",19380,2018,B25002_003M,3636.0
"Toledo, OH Metro Area",45780,2018,B25002_003M,2995.0
"Cincinnati, OH-KY-IN Metro Area",17140,2018,B25002_001E,938179.0
"Columbus, OH Metro Area",18140,2018,B25002_001E,869414.0
"Dayton, OH Metro Area",19380,2018,B25002_001E,370029.0
"Toledo, OH Metro Area",45780,2018,B25002_001E,275164.0
"Cincinnati, OH-KY-IN Metro Area",17140,2018,B25002_001M,2454.0
"Columbus, OH Metro Area",18140,2018,B25002_001M,1506.0
"Dayton, OH Metro Area",19380,2018,B25002_001M,1333.0
"Toledo, OH Metro Area",45780,2018,B25002_001M,939.0
"Cincinnati, OH-KY-IN Metro Area",17140,2018,vacancy_rate_pct,8.062853677176744
"Columbus, OH Metro Area",18140,2018,vacancy_rate_pct,7.776387313753862
"Dayton, OH Metro Area",19380,2018,vacancy_rate_pct,10.432425566644776
"Toledo, OH Metro Area",45780,2018,vacancy_rate_pct,10.725240220377666
"Cincinnati, OH-KY-IN Metro Area",17140,2019,total_population estimate,2219750.0
"Columbus, OH Metro Area",18140,2019,total_population estimate,2122271.0
"Dayton-Kettering, OH Metro Area",19430,2019,total_population estimate,807611.0
"Toledo, OH Metro Area",45780,2019,total_population estimate,641816.0
"Cincinnati, OH-KY-IN Metro Area",17140,2019,total_population MoE,3770.0
"Columbus, OH Metro Area",18140,2019,total_population MoE,-555555555.0
"Dayton-Kettering, OH Metro Area",19430,2019,total_population MoE,-555555555.0
"Toledo, OH Metro Area",45780,2019,total_population MoE,-555555555.0
"Cincinnati, OH-KY-IN Metro Area",17140,2019,median_HH_income estimate,66825.0
"Columbus, OH Metro Area",18140,2019,median_HH_income estimate,67207.0
"Dayton-Kettering, OH Metro Area",19430,2019,median_HH_income estimate,58169.0
"Toledo, OH Metro Area",45780,2019,median_HH_income estimate,53563.0
"Cincinnati, OH-KY-IN Metro Area",17140,2019,median_HH_income MoE,1322.0
"Columbus, OH Metro Area",18140,2019,median_HH_income MoE,1091.0
"Dayton-Kettering, OH Metro Area",19430,2019,median_HH_income MoE,2130.0
"Toledo, OH Metro Area",45780,2019,median_HH_income MoE,2233.0
"Cincinnati, OH-KY-IN Metro Area",17140,2019,total_housing_units estimate,951030.0
"Columbus, OH Metro Area",18140,2019,total_housing_units estimate,877436.0
"Dayton-Kettering, OH Metro Area",19430,2019,total_housing_units estimate,370810.0
"Toledo, OH Metro Area",45780,2019,total_housing_units estimate,304246.0
"Cincinnati, OH-KY-IN Metro Area",17140,2019,total_housing_units MoE,2267.0
"Columbus, OH Metro Area",18140,2019,total_housing_units MoE,1909.0
"Dayton-Kettering, OH Metro Area",19430,2019,total_housing_units MoE,1339.0
"Toledo, OH Metro Area",45780,2019,total_housing_units MoE,1069.0
"Cincinnati, OH-KY-IN Metro Area",17140,2019,vacant_housing_units MoE,72385.0
"Columbus, OH Metro Area",18140,2019,vacant_housing_units MoE,60350.0
"Dayton-Kettering, OH Metro Area",19430,2019,vacant_housing_units MoE,38552.0
"Toledo, OH Metro Area",45780,2019,vacant_housing_units MoE,36157.0
"Cincinnati, OH-KY-IN Metro Area",17140,2019,B25002_003M,5580.0
"Columbus, OH Metro Area",18140,2019,B25002_003M,5464.0
"Dayton-Kettering, OH Metro Area",19430,2019,B25002_003M,3246.0
"Toledo, OH Metro Area",45780,2019,B25002_003M,2869.0
"Cincinnati, OH-KY-IN Metro Area",17140,2019,B25002_001E,951030.0
"Columbus, OH Metro Area",18140,2019,B25002_001E,877436.0
"Dayton-Kettering, OH Metro Area",19430,2019,B25002_001E,370810.0
"Toledo, OH Metro Area",45780,2019,B25002_001E,304246.0
"Cincinnati, OH-KY-IN Metro Area",17140,2019,B25002_001M,2267.0
"Columbus, OH Metro Area",18140,2019,B25002_001M,1909.0
"Dayton-Kettering, OH Metro Area",19430,2019,B25002_001M,1339.0
"Toledo, OH Metro Area",45780,2019,B25002_001M,1069.0
"Cincinnati, OH-KY-IN Metro Area",17140,2019,vacancy_rate_pct,7.61122151772289
"Columbus, OH Metro Area",18140,2019,vacancy_rate_pct,6.877994520398069
"Dayton-Kettering, OH Metro Area",19430,2019,vacancy_rate_pct,10.39669911814676
"Toledo, OH Metro Area",45780,2019,vacancy_rate_pct,11.884133234290672
"Toledo, OH Metro Area",45780,2021,total_population estimate,644217.0
"Cincinnati, OH-KY-IN Metro Area",17140,2021,total_population estimate,2261665.0
"Columbus, OH Metro Area",18140,2021,total_population estimate,2151017.0
"Dayton-Kettering, OH Metro Area",19430,2021,total_population estimate,813516.0
"Toledo, OH Metro Area",45780,2021,total_population MoE,-555555555.0
"Cincinnati, OH-KY-IN Metro Area",17140,2021,total_population MoE,4395.0
"Columbus, OH Metro Area",18140,2021,total_population MoE,-555555555.0
"Dayton-Kettering, OH Metro Area",19430,2021,total_population MoE,-555555555.0
"Toledo, OH Metro Area",45780,2021,median_HH_income estimate,58191.0
"Cincinnati, OH-KY-IN Metro Area",17140,2021,median_HH_income estimate,70818.0
"Columbus, OH Metro Area",18140,2021,median_HH_income estimate,71839.0
"Dayton-Kettering, OH Metro Area",19430,2021,median_HH_income estimate,61986.0
"Toledo, OH Metro Area",45780,2021,median_HH_income MoE,2839.0
"Cincinnati, OH-KY-IN Metro Area",17140,2021,median_HH_income MoE,1201.0
"Columbus, OH Metro Area",18140,2021,median_HH_income MoE,1250.0
"Dayton-Kettering, OH Metro Area",19430,2021,median_HH_income MoE,1926.0
"Toledo, OH Metro Area",45780,2021,total_housing_units estimate,304622.0
"Cincinnati, OH-KY-IN Metro Area",17140,2021,total_housing_units estimate,965036.0
"Columbus, OH Metro Area",18140,2021,total_housing_units estimate,915117.0
"Dayton-Kettering, OH Metro Area",19430,2021,total_housing_units estimate,370966.0
"Toledo, OH Metro Area",45780,2021,total_housing_units MoE,1082.0
"Cincinnati, OH-KY-IN Metro Area",17140,2021,total_housing_units MoE,2241.0
"Columbus, OH Metro Area",18140,2021,total_housing_units MoE,1629.0
"Dayton-Kettering, OH Metro Area",19430,2021,total_housing_units MoE,1588.0
"Toledo, OH Metro Area",45780,2021,vacant_housing_units MoE,31457.0
"Cincinnati, OH-KY-IN Metro Area",17140,2021,vacant_housing_units MoE,61791.0
"Columbus, OH Metro Area",18140,2021,vacant_housing_units MoE,58924.0
"Dayton-Kettering, OH Metro Area",19430,2021,vacant_housing_units MoE,32461.0
"Toledo, OH Metro Area",45780,2021,B25002_003M,3104.0
"Cincinnati, OH-KY-IN Metro Area",17140,2021,B25002_003M,5269.0
"Columbus, OH Metro Area",18140,2021,B25002_003M,4255.0
"Dayton-Kettering, OH Metro Area",19430,2021,B25002_003M,2881.0
"Toledo, OH Metro Area",45780,2021,B25002_001E,304622.0
"Cincinnati, OH-KY-IN Metro Area",17140,2021,B25002_001E,965036.0
"Columbus, OH Metro Area",18140,2021,B25002_001E,915117.0
"Dayton-Kettering, OH Metro Area",19430,2021,B25002_001E,370966.0
"Toledo, OH Metro Area",45780,2021,B25002_001M,1082.0
"Cincinnati, OH-KY-IN Metro Area",17140,2021,B25002_001M,2241.0
"Columbus, OH Metro Area",18140,2021,B25002_001M,1629.0
"Dayton-Kettering, OH Metro Area",19430,2021,B25002_001M,1588.0
"Toledo, OH Metro Area",45780,2021,vacancy_rate_pct,10.326568665427974
"Cincinnati, OH-KY-IN Metro Area",17140,2021,vacancy_rate_pct,6.402973567825448
"Columbus, OH Metro Area",18140,2021,vacancy_rate_pct,6.438958078584486
"Dayton-Kettering, OH Metro Area",19430,2021,vacancy_rate_pct,8.750397610562693
"Cincinnati, OH-KY-IN Metro Area",17140,2022,total_population estimate,2268393.0
"Columbus, OH Metro Area",18140,2022,total_population estimate,2161511.0
"Dayton-Kettering, OH Metro Area",19430,2022,total_population estimate,812595.0
"Toledo, OH Metro Area",45780,2022,total_population estimate,640384.0
"Cincinnati, OH-KY-IN Metro Area",17140,2022,total_population MoE,4075.0
"Columbus, OH Metro Area",18140,2022,total_population MoE,-555555555.0
"Dayton-Kettering, OH Metro Area",19430,2022,total_population MoE,-555555555.0
"Toledo, OH Metro Area",45780,2022,total_population MoE,-555555555.0
"Cincinnati, OH-KY-IN Metro Area",17140,2022,median_HH_income estimate,75062.0
"Columbus, OH Metro Area",18140,2022,median_HH_income estimate,75777.0
"Dayton-Kettering, OH Metro Area",19430,2022,median_HH_income estimate,66770.0
"Toledo, OH Metro Area",45780,2022,median_HH_income estimate,61012.0
"Cincinnati, OH-KY-IN Metro Area",17140,2022,median_HH_income MoE,1195.0
"Columbus, OH Metro Area",18140,2022,median_HH_income MoE,1639.0
"Dayton-Kettering, OH Metro Area",19430,2022,median_HH_income MoE,1909.0
"Toledo, OH Metro Area",45780,2022,median_HH_income MoE,1609.0
"Cincinnati, OH-KY-IN Metro Area",17140,2022,total_housing_units estimate,972817.0
"Columbus, OH Metro Area",18140,2022,total_housing_units estimate,926137.0
"Dayton-Kettering, OH Metro Area",19430,2022,total_housing_units estimate,372503.0
"Toledo, OH Metro Area",45780,2022,total_housing_units estimate,305392.0
"Cincinnati, OH-KY-IN Metro Area",17140,2022,total_housing_units MoE,1619.0
"Columbus, OH Metro Area",18140,2022,total_housing_units MoE,368.0
"Dayton-Kettering, OH Metro Area",19430,2022,total_housing_units MoE,793.0
"Toledo, OH Metro Area",45780,2022,total_housing_units MoE,187.0
"Cincinnati, OH-KY-IN Metro Area",17140,2022,vacant_housing_units MoE,56571.0
"Columbus, OH Metro Area",18140,2022,vacant_housing_units MoE,61426.0
"Dayton-Kettering, OH Metro Area",19430,2022,vacant_housing_units MoE,24469.0
"Toledo, OH Metro Area",45780,2022,vacant_housing_units MoE,27858.0
"Cincinnati, OH-KY-IN Metro Area",17140,2022,B25002_003M,5501.0
"Columbus, OH Metro Area",18140,2022,B25002_003M,4500.0
"Dayton-Kettering, OH Metro Area",19430,2022,B25002_003M,2787.0
"Toledo, OH Metro Area",45780,2022,B25002_003M,2399.0
"Cincinnati, OH-KY-IN Metro Area",17140,2022,B25002_001E,972817.0
"Columbus, OH Metro Area",18140,2022,B25002_001E,926137.0
"Dayton-Kettering, OH Metro Area",19430,2022,B25002_001E,372503.0
"Toledo, OH Metro Area",45780,2022,B25002_001E,305392.0
"Cincinnati, OH-KY-IN Metro Area",17140,2022,B25002_001M,1619.0
"Columbus, OH Metro Area",18140,2022,B25002_001M,368.0
"Dayton-Kettering, OH Metro Area",19430,2022,B25002_001M,793.0
"Toledo, OH Metro Area",45780,2022,B25002_001M,187.0
"Cincinnati, OH-KY-IN Metro Area",17140,2022,vacancy_rate_pct,5.815173871344765
"Columbus, OH Metro Area",18140,2022,vacancy_rate_pct,6.632496056199029
"Dayton-Kettering, OH Metro Area",19430,2022,vacancy_rate_pct,6.568806157265848
"Toledo, OH Metro Area",45780,2022,vacancy_rate_pct,9.122046419028658
"Cincinnati, OH-KY-IN Metro Area",17140,2023,total_population estimate,2272910.0
"Cleveland, OH Metro Area",17410,2023,total_population estimate,2158932.0
"Columbus, OH Metro Area",18140,2023,total_population estimate,2180271.0
"Dayton-Kettering-Beavercreek, OH Metro Area",19430,2023,total_population estimate,814363.0
"Toledo, OH Metro Area",45780,2023,total_population estimate,600141.0
"Cincinnati, OH-KY-IN Metro Area",17140,2023,total_population MoE,3687.0
"Cleveland, OH Metro Area",17410,2023,total_population MoE,-555555555.0
"Columbus, OH Metro Area",18140,2023,total_population MoE,-555555555.0
"Dayton-Kettering-Beavercreek, OH Metro Area",19430,2023,total_population MoE,-555555555.0
"Toledo, OH Metro Area",45780,2023,total_population MoE,-555555555.0
"Cincinnati, OH-KY-IN Metro Area",17140,2023,median_HH_income estimate,77844.0
"Cleveland, OH Metro Area",17410,2023,median_HH_income estimate,67586.0
"Columbus, OH Metro Area",18140,2023,median_HH_income estimate,77390.0
"Dayton-Kettering-Beavercreek, OH Metro Area",19430,2023,median_HH_income estimate,67070.0
"Toledo, OH Metro Area",45780,2023,median_HH_income estimate,63074.0
"Cincinnati, OH-KY-IN Metro Area",17140,2023,median_HH_income MoE,1951.0
"Cleveland, OH Metro Area",17410,2023,median_HH_income MoE,1372.0
"Columbus, OH Metro Area",18140,2023,median_HH_income MoE,1550.0
"Dayton-Kettering-Beavercreek, OH Metro Area",19430,2023,median_HH_income MoE,2208.0
"Toledo, OH Metro Area",45780,2023,median_HH_income MoE,2590.0
"Cincinnati, OH-KY-IN Metro Area",17140,2023,total_housing_units estimate,974115.0
"Cleveland, OH Metro Area",17410,2023,total_housing_units estimate,1020814.0
"Columbus, OH Metro Area",18140,2023,total_housing_units estimate,937057.0
"Dayton-Kettering-Beavercreek, OH Metro Area",19430,2023,total_housing_units estimate,374189.0
"Toledo, OH Metro Area",45780,2023,total_housing_units estimate,276951.0
"Cincinnati, OH-KY-IN Metro Area",17140,2023,total_housing_units MoE,1819.0
"Cleveland, OH Metro Area",17410,2023,total_housing_units MoE,210.0
"Columbus, OH Metro Area",18140,2023,total_housing_units MoE,487.0
"Dayton-Kettering-Beavercreek, OH Metro Area",19430,2023,total_housing_units MoE,1187.0
"Toledo, OH Metro Area",45780,2023,total_housing_units MoE,162.0
"Cincinnati, OH-KY-IN Metro Area",17140,2023,vacant_housing_units MoE,52809.0
"Cleveland, OH Metro Area",17410,2023,vacant_housing_units MoE,89502.0
"Columbus, OH Metro Area",18140,2023,vacant_housing_units MoE,57147.0
"Dayton-Kettering-Beavercreek, OH Metro Area",19430,2023,vacant_housing_units MoE,23530.0
"Toledo, OH Metro Area",45780,2023,vacant_housing_units MoE,22723.0
"Cincinnati, OH-KY-IN Metro Area",17140,2023,B25002_003M,4673.0
"Cleveland, OH Metro Area",17410,2023,B25002_003M,5455.0
"Columbus, OH Metro Area",18140,2023,B25002_003M,4373.0
"Dayton-Kettering-Beavercreek, OH Metro Area",19430,2023,B25002_003M,2569.0
"Toledo, OH Metro Area",45780,2023,B25002_003M,2904.0
"Cincinnati, OH-KY-IN Metro Area",17140,2023,B25002_001E,974115.0
"Cleveland, OH Metro Area",17410,2023,B25002_001E,1020814.0
"Columbus, OH Metro Area",18140,2023,B25002_001E,937057.0
"Dayton-Kettering-Beavercreek, OH Metro Area",19430,2023,B25002_001E,374189.0
"Toledo, OH Metro Area",45780,2023,B25002_001E,276951.0
"Cincinnati, OH-KY-IN Metro Area",17140,2023,B25002_001M,1819.0
"Cleveland, OH Metro Area",17410,2023,B25002_001M,210.0
"Columbus, OH Metro Area",18140,2023,B25002_001M,487.0
"Dayton-Kettering-Beavercreek, OH Metro Area",19430,2023,B25002_001M,1187.0
"Toledo, OH Metro Area",45780,2023,B25002_001M,162.0
"Cincinnati, OH-KY-IN Metro Area",17140,2023,vacancy_rate_pct,5.421228499715126
"Cleveland, OH Metro Area",17410,2023,vacancy_rate_pct,8.767708906813581
"Columbus, OH Metro Area",18140,2023,vacancy_rate_pct,6.0985617737234765
"Dayton-Kettering-Beavercreek, OH Metro Area",19430,2023,vacancy_rate_pct,6.288266090130923
"Toledo, OH Metro Area",45780,2023,vacancy_rate_pct,8.204700470480338
"Cincinnati, OH-KY-IN Metro Area",17140,2024,total_population estimate,2304804.0
"Cleveland, OH Metro Area",17410,2024,total_population estimate,2171877.0
"Columbus, OH Metro Area",18140,2024,total_population estimate,2225377.0
"Dayton-Kettering-Beavercreek, OH Metro Area",19430,2024,total_population estimate,821740.0
"Toledo, OH Metro Area",45780,2024,total_population estimate,601396.0
"Cincinnati, OH-KY-IN Metro Area",17140,2024,total_population MoE,3455.0
"Cleveland, OH Metro Area",17410,2024,total_population MoE,-555555555.0
"Columbus, OH Metro Area",18140,2024,total_population MoE,-555555555.0
"Dayton-Kettering-Beavercreek, OH Metro Area",19430,2024,total_population MoE,-555555555.0
"Toledo, OH Metro Area",45780,2024,total_population MoE,-555555555.0
"Cincinnati, OH-KY-IN Metro Area",17140,2024,median_HH_income estimate,81489.0
"Cleveland, OH Metro Area",17410,2024,median_HH_income estimate,72532.0
"Columbus, OH Metro Area",18140,2024,median_HH_income estimate,82938.0
"Dayton-Kettering-Beavercreek, OH Metro Area",19430,2024,median_HH_income estimate,72711.0
"Toledo, OH Metro Area",45780,2024,median_HH_income estimate,66095.0
"Cincinnati, OH-KY-IN Metro Area",17140,2024,median_HH_income MoE,1445.0
"Cleveland, OH Metro Area",17410,2024,median_HH_income MoE,1261.0
"Columbus, OH Metro Area",18140,2024,median_HH_income MoE,1487.0
"Dayton-Kettering-Beavercreek, OH Metro Area",19430,2024,median_HH_income MoE,2208.0
"Toledo, OH Metro Area",45780,2024,median_HH_income MoE,2319.0
"Cincinnati, OH-KY-IN Metro Area",17140,2024,total_housing_units estimate,978520.0
"Cleveland, OH Metro Area",17410,2024,total_housing_units estimate,1022657.0
"Columbus, OH Metro Area",18140,2024,total_housing_units estimate,948275.0
"Dayton-Kettering-Beavercreek, OH Metro Area",19430,2024,total_housing_units estimate,375321.0
"Toledo, OH Metro Area",45780,2024,total_housing_units estimate,277709.0
"Cincinnati, OH-KY-IN Metro Area",17140,2024,total_housing_units MoE,1639.0
"Cleveland, OH Metro Area",17410,2024,total_housing_units MoE,425.0
"Columbus, OH Metro Area",18140,2024,total_housing_units MoE,433.0
"Dayton-Kettering-Beavercreek, OH Metro Area",19430,2024,total_housing_units MoE,462.0
"Toledo, OH Metro Area",45780,2024,total_housing_units MoE,216.0
"Cincinnati, OH-KY-IN Metro Area",17140,2024,vacant_housing_units MoE,55874.0
"Cleveland, OH Metro Area",17410,2024,vacant_housing_units MoE,85984.0
"Columbus, OH Metro Area",18140,2024,vacant_housing_units MoE,68154.0
"Dayton-Kettering-Beavercreek, OH Metro Area",19430,2024,vacant_housing_units MoE,28121.0
"Toledo, OH Metro Area",45780,2024,vacant_housing_units MoE,19803.0
"Cincinnati, OH-KY-IN Metro Area",17140,2024,B25002_003M,5080.0
"Cleveland, OH Metro Area",17410,2024,B25002_003M,5012.0
"Columbus, OH Metro Area",18140,2024,B25002_003M,6375.0
"Dayton-Kettering-Beavercreek, OH Metro Area",19430,2024,B25002_003M,3224.0
"Toledo, OH Metro Area",45780,2024,B25002_003M,2512.0
"Cincinnati, OH-KY-IN Metro Area",17140,2024,B25002_001E,978520.0
"Cleveland, OH Metro Area",17410,2024,B25002_001E,1022657.0
"Columbus, OH Metro Area",18140,2024,B25002_001E,948275.0
"Dayton-Kettering-Beavercreek, OH Metro Area",19430,2024,B25002_001E,375321.0
"Toledo, OH Metro Area",45780,2024,B25002_001E,277709.0
"Cincinnati, OH-KY-IN Metro Area",17140,2024,B25002_001M,1639.0
"Cleveland, OH Metro Area",17410,2024,B25002_001M,425.0
"Columbus, OH Metro Area",18140,2024,B25002_001M,433.0
"Dayton-Kettering-Beavercreek, OH Metro Area",19430,2024,B25002_001M,462.0
"Toledo, OH Metro Area",45780,2024,B25002_001M,216.0
"Cincinnati, OH-KY-IN Metro Area",17140,2024,vacancy_rate_pct,5.710051915137146
"Cleveland, OH Metro Area",17410,2024,vacancy_rate_pct,8.407902160744023
"Columbus, OH Metro Area",18140,2024,vacancy_rate_pct,7.187155624686932
"Dayton-Kettering-Beavercreek, OH Metro Area",19430,2024,vacancy_rate_pct,7.492519736438942
"Toledo, OH Metro Area",45780,2024,vacancy_rate_pct,7.130845597369909
