market,zillow_region_id,source_region_name,year,home_value_usd,months_available,coverage_status
Columbus,394492,"Columbus, OH",2015,159220.32676872634,12,complete
Columbus,394492,"Columbus, OH",2016,169690.55880133156,12,complete
Columbus,394492,"Columbus, OH",2017,180502.21303945893,12,complete
Columbus,394492,"Columbus, OH",2018,194475.23009347363,12,complete
Columbus,394492,"Columbus, OH",2019,208144.5431448826,12,complete
Columbus,394492,"Columbus, OH",2020,225060.36925194084,12,complete
Columbus,394492,"Columbus, OH",2021,258419.43537860407,12,complete
Columbus,394492,"Columbus, OH",2022,291478.3440972826,12,complete
Columbus,394492,"Columbus, OH",2023,304635.9451492838,12,complete
Columbus,394492,"Columbus, OH",2024,319819.47778467287,12,complete
Columbus,394492,"Columbus, OH",2025,326361.03392874636,12,complete
Cleveland,394475,"Cleveland, OH",2015,126279.58836470278,12,complete
Cleveland,394475,"Cleveland, OH",2016,133031.50365135216,12,complete
Cleveland,394475,"Cleveland, OH",2017,139990.7585065417,12,complete
Cleveland,394475,"Cleveland, OH",2018,148492.19893226307,12,complete
Cleveland,394475,"Cleveland, OH",2019,156549.7480728947,12,complete
Cleveland,394475,"Cleveland, OH",2020,165039.16999571674,12,complete
Cleveland,394475,"Cleveland, OH",2021,187911.5259378931,12,complete
Cleveland,394475,"Cleveland, OH",2022,206398.67560004888,12,complete
Cleveland,394475,"Cleveland, OH",2023,216177.7084715313,12,complete
Cleveland,394475,"Cleveland, OH",2024,231075.3342641157,12,complete
Cleveland,394475,"Cleveland, OH",2025,242918.85813909257,12,complete
Cincinnati,394466,"Cincinnati, OH",2015,153550.78448448292,12,complete
Cincinnati,394466,"Cincinnati, OH",2016,161600.97407071246,12,complete
Cincinnati,394466,"Cincinnati, OH",2017,171002.98675021008,12,complete
Cincinnati,394466,"Cincinnati, OH",2018,181489.73865501507,12,complete
Cincinnati,394466,"Cincinnati, OH",2019,193284.46120444324,12,complete
Cincinnati,394466,"Cincinnati, OH",2020,208165.66640241994,12,complete
Cincinnati,394466,"Cincinnati, OH",2021,239046.27129800568,12,complete
Cincinnati,394466,"Cincinnati, OH",2022,265047.112044428,12,complete
Cincinnati,394466,"Cincinnati, OH",2023,277094.6772011253,12,complete
Cincinnati,394466,"Cincinnati, OH",2024,291038.6261682084,12,complete
Cincinnati,394466,"Cincinnati, OH",2025,301017.9618413589,12,complete
Toledo,395160,"Toledo, OH",2015,105544.55705254425,12,complete
Toledo,395160,"Toledo, OH",2016,112130.32076497996,12,complete
Toledo,395160,"Toledo, OH",2017,117344.90533803009,12,complete
Toledo,395160,"Toledo, OH",2018,125097.7076775627,12,complete
Toledo,395160,"Toledo, OH",2019,131779.6553179463,12,complete
Toledo,395160,"Toledo, OH",2020,140707.2817149412,12,complete
Toledo,395160,"Toledo, OH",2021,158591.79982631665,12,complete
Toledo,395160,"Toledo, OH",2022,170519.1524957403,12,complete
Toledo,395160,"Toledo, OH",2023,178163.41551048047,12,complete
Toledo,395160,"Toledo, OH",2024,190520.55697127816,12,complete
Toledo,395160,"Toledo, OH",2025,198596.23315847974,12,complete
Akron,394304,"Akron, OH",2015,122696.29381210424,12,complete
Akron,394304,"Akron, OH",2016,128875.20893695547,12,complete
Akron,394304,"Akron, OH",2017,135062.72631090152,12,complete
Akron,394304,"Akron, OH",2018,143231.29773263817,12,complete
Akron,394304,"Akron, OH",2019,151373.4138452904,12,complete
Akron,394304,"Akron, OH",2020,160924.49183731162,12,complete
Akron,394304,"Akron, OH",2021,181962.1549610621,12,complete
Akron,394304,"Akron, OH",2022,198499.17087596396,12,complete
Akron,394304,"Akron, OH",2023,208280.65292339906,12,complete
Akron,394304,"Akron, OH",2024,221852.76168590348,12,complete
Akron,394304,"Akron, OH",2025,232068.1620096568,12,complete
