market_id,market_name,county_fips,state_fips,county_name,boundary_vintage,cbsa_code,cbsa_title,source_url,review_status,notes
columbus,Columbus,39041,39,Delaware County,OMB 2023-07 (Bulletin 23-01),18140,"Columbus, OH",https://www2.census.gov/programs-surveys/metro-micro/geographies/reference-files/2023/delineation-files/list1_2023.xlsx,verified,
columbus,Columbus,39045,39,Fairfield County,OMB 2023-07 (Bulletin 23-01),18140,"Columbus, OH",https://www2.census.gov/programs-surveys/metro-micro/geographies/reference-files/2023/delineation-files/list1_2023.xlsx,verified,
columbus,Columbus,39049,39,Franklin County,OMB 2023-07 (Bulletin 23-01),18140,"Columbus, OH",https://www2.census.gov/programs-surveys/metro-micro/geographies/reference-files/2023/delineation-files/list1_2023.xlsx,verified,
columbus,Columbus,39073,39,Hocking County,OMB 2023-07 (Bulletin 23-01),18140,"Columbus, OH",https://www2.census.gov/programs-surveys/metro-micro/geographies/reference-files/2023/delineation-files/list1_2023.xlsx,verified,
columbus,Columbus,39089,39,Licking County,OMB 2023-07 (Bulletin 23-01),18140,"Columbus, OH",https://www2.census.gov/programs-surveys/metro-micro/geographies/reference-files/2023/delineation-files/list1_2023.xlsx,verified,
columbus,Columbus,39097,39,Madison County,OMB 2023-07 (Bulletin 23-01),18140,"Columbus, OH",https://www2.census.gov/programs-surveys/metro-micro/geographies/reference-files/2023/delineation-files/list1_2023.xlsx,verified,
columbus,Columbus,39117,39,Morrow County,OMB 2023-07 (Bulletin 23-01),18140,"Columbus, OH",https://www2.census.gov/programs-surveys/metro-micro/geographies/reference-files/2023/delineation-files/list1_2023.xlsx,verified,
columbus,Columbus,39127,39,Perry County,OMB 2023-07 (Bulletin 23-01),18140,"Columbus, OH",https://www2.census.gov/programs-surveys/metro-micro/geographies/reference-files/2023/delineation-files/list1_2023.xlsx,verified,
columbus,Columbus,39129,39,Pickaway County,OMB 2023-07 (Bulletin 23-01),18140,"Columbus, OH",https://www2.census.gov/programs-surveys/metro-micro/geographies/reference-files/2023/delineation-files/list1_2023.xlsx,verified,
columbus,Columbus,39159,39,Union County,OMB 2023-07 (Bulletin 23-01),18140,"Columbus, OH",https://www2.census.gov/programs-surveys/metro-micro/geographies/reference-files/2023/delineation-files/list1_2023.xlsx,verified,
cleveland,Cleveland,39007,39,Ashtabula County,OMB 2023-07 (Bulletin 23-01),17410,"Cleveland, OH",https://www2.census.gov/programs-surveys/metro-micro/geographies/reference-files/2023/delineation-files/list1_2023.xlsx,verified,Added to the CBSA in the 2023 delineation; not in 2013-2020 Cleveland-Elyria (17460). ACS MSA 2015-2022 excludes it.
cleveland,Cleveland,39035,39,Cuyahoga County,OMB 2023-07 (Bulletin 23-01),17410,"Cleveland, OH",https://www2.census.gov/programs-surveys/metro-micro/geographies/reference-files/2023/delineation-files/list1_2023.xlsx,verified,
cleveland,Cleveland,39055,39,Geauga County,OMB 2023-07 (Bulletin 23-01),17410,"Cleveland, OH",https://www2.census.gov/programs-surveys/metro-micro/geographies/reference-files/2023/delineation-files/list1_2023.xlsx,verified,
cleveland,Cleveland,39085,39,Lake County,OMB 2023-07 (Bulletin 23-01),17410,"Cleveland, OH",https://www2.census.gov/programs-surveys/metro-micro/geographies/reference-files/2023/delineation-files/list1_2023.xlsx,verified,
cleveland,Cleveland,39093,39,Lorain County,OMB 2023-07 (Bulletin 23-01),17410,"Cleveland, OH",https://www2.census.gov/programs-surveys/metro-micro/geographies/reference-files/2023/delineation-files/list1_2023.xlsx,verified,
cleveland,Cleveland,39103,39,Medina County,OMB 2023-07 (Bulletin 23-01),17410,"Cleveland, OH",https://www2.census.gov/programs-surveys/metro-micro/geographies/reference-files/2023/delineation-files/list1_2023.xlsx,verified,
cincinnati,Cincinnati,39015,39,Brown County,OMB 2023-07 (Bulletin 23-01),17140,"Cincinnati, OH-KY-IN",https://www2.census.gov/programs-surveys/metro-micro/geographies/reference-files/2023/delineation-files/list1_2023.xlsx,verified,"Ohio part only; full CBSA also includes KY and IN counties, which are excluded."
cincinnati,Cincinnati,39017,39,Butler County,OMB 2023-07 (Bulletin 23-01),17140,"Cincinnati, OH-KY-IN",https://www2.census.gov/programs-surveys/metro-micro/geographies/reference-files/2023/delineation-files/list1_2023.xlsx,verified,"Ohio part only; full CBSA also includes KY and IN counties, which are excluded."
cincinnati,Cincinnati,39025,39,Clermont County,OMB 2023-07 (Bulletin 23-01),17140,"Cincinnati, OH-KY-IN",https://www2.census.gov/programs-surveys/metro-micro/geographies/reference-files/2023/delineation-files/list1_2023.xlsx,verified,"Ohio part only; full CBSA also includes KY and IN counties, which are excluded."
cincinnati,Cincinnati,39061,39,Hamilton County,OMB 2023-07 (Bulletin 23-01),17140,"Cincinnati, OH-KY-IN",https://www2.census.gov/programs-surveys/metro-micro/geographies/reference-files/2023/delineation-files/list1_2023.xlsx,verified,"Ohio part only; full CBSA also includes KY and IN counties, which are excluded."
cincinnati,Cincinnati,39165,39,Warren County,OMB 2023-07 (Bulletin 23-01),17140,"Cincinnati, OH-KY-IN",https://www2.census.gov/programs-surveys/metro-micro/geographies/reference-files/2023/delineation-files/list1_2023.xlsx,verified,"Ohio part only; full CBSA also includes KY and IN counties, which are excluded."
dayton,Dayton,39057,39,Greene County,OMB 2023-07 (Bulletin 23-01),19430,"Dayton-Kettering-Beavercreek, OH",https://www2.census.gov/programs-surveys/metro-micro/geographies/reference-files/2023/delineation-files/list1_2023.xlsx,verified,
dayton,Dayton,39109,39,Miami County,OMB 2023-07 (Bulletin 23-01),19430,"Dayton-Kettering-Beavercreek, OH",https://www2.census.gov/programs-surveys/metro-micro/geographies/reference-files/2023/delineation-files/list1_2023.xlsx,verified,
dayton,Dayton,39113,39,Montgomery County,OMB 2023-07 (Bulletin 23-01),19430,"Dayton-Kettering-Beavercreek, OH",https://www2.census.gov/programs-surveys/metro-micro/geographies/reference-files/2023/delineation-files/list1_2023.xlsx,verified,
toledo,Toledo,39051,39,Fulton County,OMB 2023-07 (Bulletin 23-01),45780,"Toledo, OH",https://www2.census.gov/programs-surveys/metro-micro/geographies/reference-files/2023/delineation-files/list1_2023.xlsx,verified,
toledo,Toledo,39095,39,Lucas County,OMB 2023-07 (Bulletin 23-01),45780,"Toledo, OH",https://www2.census.gov/programs-surveys/metro-micro/geographies/reference-files/2023/delineation-files/list1_2023.xlsx,verified,
toledo,Toledo,39173,39,Wood County,OMB 2023-07 (Bulletin 23-01),45780,"Toledo, OH",https://www2.census.gov/programs-surveys/metro-micro/geographies/reference-files/2023/delineation-files/list1_2023.xlsx,verified,
