market_id,source,measure,source_geo_id,source_geo_name,source_geo_level,source_boundary,ohio_only_compatible,years_compatible,status,required_action,owner
columbus,Zillow,ZHVI/ZORI,394492,"Columbus, OH",Zillow metro,Zillow metro (vintage undocumented),yes if Zillow metro = 2023 CBSA,2015-2025,provisional,Confirm Zillow metro definition vintage,Member 1
cleveland,Zillow,ZHVI/ZORI,394475,"Cleveland, OH",Zillow metro,Zillow metro (vintage undocumented),yes if Zillow metro = 2023 CBSA (incl. Ashtabula),2015-2025,provisional,Confirm Zillow metro definition vintage,Member 1
cincinnati,Zillow,ZHVI/ZORI,394466,"Cincinnati, OH",Zillow metro,Full OH-KY-IN metro,no,none,blocked,Do not use metro series; evaluate county ZHVI/ZORI for 5 Ohio counties as a documented custom proxy (team decision),Member 1 + 4
dayton,Zillow,ZHVI,845158 (expected),"Dayton, OH",Zillow metro,Zillow metro,yes if Zillow metro = 2023 CBSA,unknown,missing,Dayton ZHVI absent from repo raw file; Akron was substituted in metro_data branch. Re-download and remove Akron (out of scope),Member 1
dayton,Zillow,ZORI,845158,"Dayton, OH",Zillow metro,Zillow metro (vintage undocumented),yes if Zillow metro = 2023 CBSA,2015-2025,provisional,Confirm Zillow metro definition vintage,Member 1
toledo,Zillow,ZHVI/ZORI,395160,"Toledo, OH",Zillow metro,Zillow metro (vintage undocumented),yes if Zillow metro = 2023 CBSA (3 counties),2015-2025,provisional,Confirm Zillow metro definition vintage,Member 1
columbus,FHFA,HPI all-transactions (quarterly),18140,"Columbus, OH",CBSA,2023 delineation back-cast,yes,2015-2025,accepted,None,Member 1
cleveland,FHFA,HPI all-transactions (quarterly),17410,"Cleveland, OH",CBSA,2023 delineation back-cast,yes,2015-2025,accepted,None,Member 1
cincinnati,FHFA,HPI all-transactions (quarterly),17140,"Cincinnati, OH-KY-IN",CBSA,Full OH-KY-IN CBSA,no,none,blocked,Do not use; evaluate FHFA county annual HPI for 5 Ohio counties as custom proxy (team decision),Member 1 + 4
dayton,FHFA,HPI all-transactions (quarterly),19430,"Dayton-Kettering-Beavercreek, OH",CBSA,2023 delineation back-cast,yes,2015-2025,accepted,None,Member 1
toledo,FHFA,HPI all-transactions (quarterly),45780,"Toledo, OH",CBSA,2023 delineation back-cast,yes,2015-2025,accepted,None,Member 1
columbus,ACS 1-year,B01003/B19013/B25001/B25002,18140,"Columbus, OH Metro Area",MSA (SL 310),Delineation current in each ACS year,yes,"2015-2019, 2021-2024",accepted,None (2020 standard 1-year not released),Member 2
cleveland,ACS 1-year,B01003/B19013/B25001/B25002,17460 (2015-2022); 17410 (2023-),"Cleveland-Elyria / Cleveland, OH Metro Area",MSA (SL 310),Delineation current in each ACS year,partial,2023-2024 only,needs_rework,Pull 17460 for 2015-2022 (currently missing). It excludes Ashtabula: flag as boundary break or rebuild counts from counties (team decision),Member 2
cincinnati,ACS 1-year,B01003/B19013/B25001/B25002,state (or part) 39 in CBSA 17140,"Cincinnati, OH-KY-IN Metro Area (part); Ohio",State-MSA part (SL 320),Ohio part of CBSA,yes (expected),to verify,needs_rework,Replace full-MSA pull with the Ohio-part geography; confirm 1-year availability for every year,Member 2
dayton,ACS 1-year,B01003/B19013/B25001/B25002,19380 (2015-2018); 19430 (2019-),"Dayton / Dayton-Kettering / Dayton-Kettering-Beavercreek, OH Metro Area",MSA (SL 310),Same 3 counties under all vintages,yes,"2015-2019, 2021-2024",accepted,Map both codes to dayton; README note that DKB was 'expanded' should be corrected (name change only),Member 2
toledo,ACS 1-year,B01003/B19013/B25001/B25002,45780,"Toledo, OH Metro Area",MSA (SL 310),Delineation current in each ACS year,partial,"2015-2018, 2023-2024",flag,2019-2022 includes Ottawa County: flag as boundary break or rebuild counts (Ottawa has no 1-year county estimate),Member 2
all,BLS LAUS,"Employment, unemployment, labor force",county FIPS in county_crosswalk.csv,County,County,County,yes,expected 2015-2025,planned,Collect county annual averages and sum counts to market; compute rate from sums. Do not use LAUS MSA series for Cincinnati,Member 3
all,FRED,"MORTGAGE30US, CPIAUCSL, FEDFUNDS",national,United States,National,n/a,n/a (national covariate),expected 2015-2025,planned,Join many-to-one on year,Member 3
